{"cameraMode":{"drawMode":31,"name":"Sprite Mask","section":"Miscellaneous"},"sceneLighting":true,"audioPlay":false,"sceneViewState":{"showFog":true,"showMaterialUpdate":false,"showSkybox":true,"showFlares":true,"showImageEffects":true,"showParticleSystems":true,"showVisualEffectGraphs":true,"m_FxEnabled":true},"in2DMode":false,"pivot":{"x":3.4018733501434328,"y":-12.407843589782715,"z":0.6535196304321289},"rotation":{"x":0.007841798476874829,"y":0.9846060872077942,"z":-0.1685076504945755,"w":0.045816902071237567},"size":14.625872611999512,"orthographic":false}